source,source_type,target_maithili,target_script,notes
मेरे,candidate,,Devanagari,auto_from_transcript freq=11
मुझे,candidate,,Devanagari,auto_from_transcript freq=9
कि,candidate,,Devanagari,auto_from_transcript freq=8
वो,candidate,,Devanagari,auto_from_transcript freq=7
जो,candidate,,Devanagari,auto_from_transcript freq=6
करने,candidate,,Devanagari,auto_from_transcript freq=6
हूँ,candidate,,Devanagari,auto_from_transcript freq=6
है।,candidate,,Devanagari,auto_from_transcript freq=5
मेरी,candidate,,Devanagari,auto_from_transcript freq=4
दूसरा,candidate,,Devanagari,auto_from_transcript freq=4
हो,candidate,,Devanagari,auto_from_transcript freq=4
कर,candidate,,Devanagari,auto_from_transcript freq=4
कुछ,candidate,,Devanagari,auto_from_transcript freq=4
एक,candidate,,Devanagari,auto_from_transcript freq=4
बहुत,candidate,,Devanagari,auto_from_transcript freq=4
फिर,candidate,,Devanagari,auto_from_transcript freq=4
ही,candidate,,Devanagari,auto_from_transcript freq=3
करते,candidate,,Devanagari,auto_from_transcript freq=3
लिए,candidate,,Devanagari,auto_from_transcript freq=3
करूँगा,candidate,,Devanagari,auto_from_transcript freq=3
काम,candidate,,Devanagari,auto_from_transcript freq=3
कोई,candidate,,Devanagari,auto_from_transcript freq=3
knowledge,candidate,,Devanagari,auto_from_transcript freq=3
लोग,candidate,,Devanagari,auto_from_transcript freq=3
होती,candidate,,Devanagari,auto_from_transcript freq=3
देश,candidate,,Devanagari,auto_from_transcript freq=3
जब,candidate,,Devanagari,auto_from_transcript freq=3
क्या,candidate,,Devanagari,auto_from_transcript freq=3
ने,candidate,,Devanagari,auto_from_transcript freq=2
दो,candidate,,Devanagari,auto_from_transcript freq=2
मैंने,candidate,,Devanagari,auto_from_transcript freq=2
करता,candidate,,Devanagari,auto_from_transcript freq=2
कहता,candidate,,Devanagari,auto_from_transcript freq=2
आज,candidate,,Devanagari,auto_from_transcript freq=2
उनके,candidate,,Devanagari,auto_from_transcript freq=2
all,candidate,,Devanagari,auto_from_transcript freq=2
time,candidate,,Devanagari,auto_from_transcript freq=2
about,candidate,,Devanagari,auto_from_transcript freq=2
advanced,candidate,,Devanagari,auto_from_transcript freq=2
हुआ,candidate,,Devanagari,auto_from_transcript freq=2
कहते,candidate,,Devanagari,auto_from_transcript freq=2
khud,candidate,,Devanagari,auto_from_transcript freq=2
ko,candidate,,Devanagari,auto_from_transcript freq=2
करें,candidate,,Devanagari,auto_from_transcript freq=2
information,candidate,,Devanagari,auto_from_transcript freq=2
उसको,candidate,,Devanagari,auto_from_transcript freq=2
how,candidate,,Devanagari,auto_from_transcript freq=2
make,candidate,,Devanagari,auto_from_transcript freq=2
decisions,candidate,,Devanagari,auto_from_transcript freq=2
process,candidate,,Devanagari,auto_from_transcript freq=2
ऐसा,candidate,,Devanagari,auto_from_transcript freq=2
पास,candidate,,Devanagari,auto_from_transcript freq=2
दूसरे,candidate,,Devanagari,auto_from_transcript freq=2
उनको,candidate,,Devanagari,auto_from_transcript freq=2
प्रश्न,candidate,,Devanagari,auto_from_transcript freq=2
करके,candidate,,Devanagari,auto_from_transcript freq=2
निर्णा,candidate,,Devanagari,auto_from_transcript freq=2
vishwan,candidate,,Devanagari,auto_from_transcript freq=1
miriam,candidate,,Devanagari,auto_from_transcript freq=1
आँख,candidate,,Devanagari,auto_from_transcript freq=1
सामने,candidate,,Devanagari,auto_from_transcript freq=1
चीज़े,candidate,,Devanagari,auto_from_transcript freq=1
मोटिवेट,candidate,,Devanagari,auto_from_transcript freq=1
रहती,candidate,,Devanagari,auto_from_transcript freq=1
जिम्मेबारी,candidate,,Devanagari,auto_from_transcript freq=1
देशवास्वे,candidate,,Devanagari,auto_from_transcript freq=1
दी,candidate,,Devanagari,auto_from_transcript freq=1
पद,candidate,,Devanagari,auto_from_transcript freq=1
मौज,candidate,,Devanagari,auto_from_transcript freq=1
मस्ती,candidate,,Devanagari,auto_from_transcript freq=1
आया।,candidate,,Devanagari,auto_from_transcript freq=1
जरब,candidate,,Devanagari,auto_from_transcript freq=1
पुरा,candidate,,Devanagari,auto_from_transcript freq=1
प्रहास,candidate,,Devanagari,auto_from_transcript freq=1
सकता,candidate,,Devanagari,auto_from_transcript freq=1
बग,candidate,,Devanagari,auto_from_transcript freq=1
पाऊं,candidate,,Devanagari,auto_from_transcript freq=1
लेकिन,candidate,,Devanagari,auto_from_transcript freq=1
प्रयास,candidate,,Devanagari,auto_from_transcript freq=1
कमी,candidate,,Devanagari,auto_from_transcript freq=1
रहेगी,candidate,,Devanagari,auto_from_transcript freq=1
कह,candidate,,Devanagari,auto_from_transcript freq=1
देशवासियों,candidate,,Devanagari,auto_from_transcript freq=1
वादा,candidate,,Devanagari,auto_from_transcript freq=1
मै,candidate,,Devanagari,auto_from_transcript freq=1
कभी,candidate,,Devanagari,auto_from_transcript freq=1
बी,candidate,,Devanagari,auto_from_transcript freq=1
परिश्रम,candidate,,Devanagari,auto_from_transcript freq=1
पीछे,candidate,,Devanagari,auto_from_transcript freq=1
रहूंगा।,candidate,,Devanagari,auto_from_transcript freq=1
बद,candidate,,Devanagari,auto_from_transcript freq=1
इरादे,candidate,,Devanagari,auto_from_transcript freq=1
तीसरा,candidate,,Devanagari,auto_from_transcript freq=1
साल,candidate,,Devanagari,auto_from_transcript freq=1
गए,candidate,,Devanagari,auto_from_transcript freq=1
इतने,candidate,,Devanagari,auto_from_transcript freq=1
लंबे,candidate,,Devanagari,auto_from_transcript freq=1
कालखन,candidate,,Devanagari,auto_from_transcript freq=1
head,candidate,,Devanagari,auto_from_transcript freq=1
government,candidate,,Devanagari,auto_from_transcript freq=1
given,candidate,,Devanagari,auto_from_transcript freq=1
work,candidate,,Devanagari,auto_from_transcript freq=1
weighed,candidate,,Devanagari,auto_from_transcript freq=1
myself,candidate,,Devanagari,auto_from_transcript freq=1
three,candidate,,Devanagari,auto_from_transcript freq=1
pillars,candidate,,Devanagari,auto_from_transcript freq=1
inspiration,candidate,,Devanagari,auto_from_transcript freq=1
billion,candidate,,Devanagari,auto_from_transcript freq=1
people,candidate,,Devanagari,auto_from_transcript freq=1
लोगों,candidate,,Devanagari,auto_from_transcript freq=1
सेवा,candidate,,Devanagari,auto_from_transcript freq=1
एस्पिरेशन,candidate,,Devanagari,auto_from_transcript freq=1
उंकी,candidate,,Devanagari,auto_from_transcript freq=1
आवशक्ता,candidate,,Devanagari,auto_from_transcript freq=1
जितनी,candidate,,Devanagari,auto_from_transcript freq=1
मेहनत,candidate,,Devanagari,auto_from_transcript freq=1
सकूँ,candidate,,Devanagari,auto_from_transcript freq=1
जीतना,candidate,,Devanagari,auto_from_transcript freq=1
करसको,candidate,,Devanagari,auto_from_transcript freq=1
मुड़,candidate,,Devanagari,auto_from_transcript freq=1
मैरी,candidate,,Devanagari,auto_from_transcript freq=1
उर्जा,candidate,,Devanagari,auto_from_transcript freq=1
engineer,candidate,,Devanagari,auto_from_transcript freq=1
person,candidate,,Devanagari,auto_from_transcript freq=1
loves,candidate,,Devanagari,auto_from_transcript freq=1
mathematics,candidate,,Devanagari,auto_from_transcript freq=1
ask,candidate,,Devanagari,auto_from_transcript freq=1
srinivasa,candidate,,Devanagari,auto_from_transcript freq=1
ramanujan,candidate,,Devanagari,auto_from_transcript freq=1
indian,candidate,,Devanagari,auto_from_transcript freq=1
mathematician,candidate,,Devanagari,auto_from_transcript freq=1
century,candidate,,Devanagari,auto_from_transcript freq=1
ago,candidate,,Devanagari,auto_from_transcript freq=1
widely,candidate,,Devanagari,auto_from_transcript freq=1
considered,candidate,,Devanagari,auto_from_transcript freq=1
one,candidate,,Devanagari,auto_from_transcript freq=1
greatest,candidate,,Devanagari,auto_from_transcript freq=1
mathematicians,candidate,,Devanagari,auto_from_transcript freq=1
self-taught,candidate,,Devanagari,auto_from_transcript freq=1
grew,candidate,,Devanagari,auto_from_transcript freq=1
poverty,candidate,,Devanagari,auto_from_transcript freq=1
often,candidate,,Devanagari,auto_from_transcript freq=1
spoken,candidate,,Devanagari,auto_from_transcript freq=1
find,candidate,,Devanagari,auto_from_transcript freq=1
inspiring,candidate,,Devanagari,auto_from_transcript freq=1
science,candidate,,Devanagari,auto_from_transcript freq=1
spirituality,candidate,,Devanagari,auto_from_transcript freq=1
very,candidate,,Devanagari,auto_from_transcript freq=1
connected,candidate,,Devanagari,auto_from_transcript freq=1
says,candidate,,Devanagari,auto_from_transcript freq=1
scientific,candidate,,Devanagari,auto_from_transcript freq=1
minds,candidate,,Devanagari,auto_from_transcript freq=1
spiritually,candidate,,Devanagari,auto_from_transcript freq=1
got,candidate,,Devanagari,auto_from_transcript freq=1
knew,candidate,,Devanagari,auto_from_transcript freq=1
स्री,candidate,,Devanagari,auto_from_transcript freq=1
निवास,candidate,,Devanagari,auto_from_transcript freq=1
रमानुजम,candidate,,Devanagari,auto_from_transcript freq=1
उन्हें,candidate,,Devanagari,auto_from_transcript freq=1
उद्देवी,candidate,,Devanagari,auto_from_transcript freq=1
आते,candidate,,Devanagari,auto_from_transcript freq=1
जिसकी,candidate,,Devanagari,auto_from_transcript freq=1
पूजा,candidate,,Devanagari,auto_from_transcript freq=1
devote,candidate,,Devanagari,auto_from_transcript freq=1
kardena,candidate,,Devanagari,auto_from_transcript freq=1
khapa,candidate,,Devanagari,auto_from_transcript freq=1
dena,candidate,,Devanagari,auto_from_transcript freq=1
svayam,candidate,,Devanagari,auto_from_transcript freq=1
hi,candidate,,Devanagari,auto_from_transcript freq=1
jase,candidate,,Devanagari,auto_from_transcript freq=1
wo,candidate,,Devanagari,auto_from_transcript freq=1
karya,candidate,,Devanagari,auto_from_transcript freq=1
ka,candidate,,Devanagari,auto_from_transcript freq=1
roop,candidate,,Devanagari,auto_from_transcript freq=1
banjaya,candidate,,Devanagari,auto_from_transcript freq=1
hai,candidate,,Devanagari,auto_from_transcript freq=1
aur,candidate,,Devanagari,auto_from_transcript freq=1
hum,candidate,,Devanagari,auto_from_transcript freq=1
ke,candidate,,Devanagari,auto_from_transcript freq=1
jitne,candidate,,Devanagari,auto_from_transcript freq=1
jyada,candidate,,Devanagari,auto_from_transcript freq=1
thank,candidate,,Devanagari,auto_from_transcript freq=1
बीच,candidate,,Devanagari,auto_from_transcript freq=1
फर्क,candidate,,Devanagari,auto_from_transcript freq=1
समझना,candidate,,Devanagari,auto_from_transcript freq=1
चाहिए,candidate,,Devanagari,auto_from_transcript freq=1
मानते,candidate,,Devanagari,auto_from_transcript freq=1
सिंग्ग,candidate,,Devanagari,auto_from_transcript freq=1
बाद,candidate,,Devanagari,auto_from_transcript freq=1
धिरे,candidate,,Devanagari,auto_from_transcript freq=1
धीरे,candidate,,Devanagari,auto_from_transcript freq=1
इवॉल्व,candidate,,Devanagari,auto_from_transcript freq=1
हमने,candidate,,Devanagari,auto_from_transcript freq=1
reputation,candidate,,Devanagari,auto_from_transcript freq=1
decisive,candidate,,Devanagari,auto_from_transcript freq=1
leader,candidate,,Devanagari,auto_from_transcript freq=1
walk,candidate,,Devanagari,auto_from_transcript freq=1
through,candidate,,Devanagari,auto_from_transcript freq=1
topic,candidate,,Devanagari,auto_from_transcript freq=1
ideas,candidate,,Devanagari,auto_from_transcript freq=1
instance,candidate,,Devanagari,auto_from_transcript freq=1
facing,candidate,,Devanagari,auto_from_transcript freq=1
high,candidate,,Devanagari,auto_from_transcript freq=1
stakes,candidate,,Devanagari,auto_from_transcript freq=1
choice,candidate,,Devanagari,auto_from_transcript freq=1
clear,candidate,,Devanagari,auto_from_transcript freq=1
precedence,candidate,,Devanagari,auto_from_transcript freq=1
know,candidate,,Devanagari,auto_from_transcript freq=1
lot,candidate,,Devanagari,auto_from_transcript freq=1
uncertainty,candidate,,Devanagari,auto_from_transcript freq=1
balance,candidate,,Devanagari,auto_from_transcript freq=1
input,candidate,,Devanagari,auto_from_transcript freq=1
शायद,candidate,,Devanagari,auto_from_transcript freq=1
हिंदुस्तान,candidate,,Devanagari,auto_from_transcript freq=1
पोलिटिशन,candidate,,Devanagari,auto_from_transcript freq=1
distance,candidate,,Devanagari,auto_from_transcript freq=1
उससे,candidate,,Devanagari,auto_from_transcript freq=1
पाया,candidate,,Devanagari,auto_from_transcript freq=1
सिखा,candidate,,Devanagari,auto_from_transcript freq=1
बड़ा,candidate,,Devanagari,auto_from_transcript freq=1
चीजों,candidate,,Devanagari,auto_from_transcript freq=1
ग्रास्रूट,candidate,,Devanagari,auto_from_transcript freq=1
लेवल,candidate,,Devanagari,auto_from_transcript freq=1
स्थितियों,candidate,,Devanagari,auto_from_transcript freq=1
perspective,candidate,,Devanagari,auto_from_transcript freq=1
governance,candidate,,Devanagari,auto_from_transcript freq=1
don,candidate,,Devanagari,auto_from_transcript freq=1
any,candidate,,Devanagari,auto_from_transcript freq=1
kind,candidate,,Devanagari,auto_from_transcript freq=1
baggage,candidate,,Devanagari,auto_from_transcript freq=1
मेरा,candidate,,Devanagari,auto_from_transcript freq=1
सबसे,candidate,,Devanagari,auto_from_transcript freq=1
पहले,candidate,,Devanagari,auto_from_transcript freq=1
रहा,candidate,,Devanagari,auto_from_transcript freq=1
वेरे,candidate,,Devanagari,auto_from_transcript freq=1
दिश,candidate,,Devanagari,auto_from_transcript freq=1
नुक्षान,candidate,,Devanagari,auto_from_transcript freq=1
रखा,candidate,,Devanagari,auto_from_transcript freq=1
हमारी,candidate,,Devanagari,auto_from_transcript freq=1
महत्मा,candidate,,Devanagari,auto_from_transcript freq=1
गांधी,candidate,,Devanagari,auto_from_transcript freq=1
तुम्हें,candidate,,Devanagari,auto_from_transcript freq=1
निर्णे,candidate,,Devanagari,auto_from_transcript freq=1
समय,candidate,,Devanagari,auto_from_transcript freq=1
उल्जन,candidate,,Devanagari,auto_from_transcript freq=1
किसी,candidate,,Devanagari,auto_from_transcript freq=1
गरीपे,candidate,,Devanagari,auto_from_transcript freq=1
चेहरा,candidate,,Devanagari,auto_from_transcript freq=1
देख,candidate,,Devanagari,auto_from_transcript freq=1
लो,candidate,,Devanagari,auto_from_transcript freq=1
इनको,candidate,,Devanagari,auto_from_transcript freq=1
याद,candidate,,Devanagari,auto_from_transcript freq=1
करो,candidate,,Devanagari,auto_from_transcript freq=1
सोचो,candidate,,Devanagari,auto_from_transcript freq=1
उसके,candidate,,Devanagari,auto_from_transcript freq=1
आएगा,candidate,,Devanagari,auto_from_transcript freq=1
तब,candidate,,Devanagari,auto_from_transcript freq=1
नेड़े,candidate,,Devanagari,auto_from_transcript freq=1
प्रक्रियाजे,candidate,,Devanagari,auto_from_transcript freq=1
सहातर,candidate,,Devanagari,auto_from_transcript freq=1
कहें,candidate,,Devanagari,auto_from_transcript freq=1
बैल,candidate,,Devanagari,auto_from_transcript freq=1
कनेक्टेड,candidate,,Devanagari,auto_from_transcript freq=1
सरकान,candidate,,Devanagari,auto_from_transcript freq=1
अफसरों,candidate,,Devanagari,auto_from_transcript freq=1
प्रते,candidate,,Devanagari,auto_from_transcript freq=1
इर्शा,candidate,,Devanagari,auto_from_transcript freq=1
ओगी।,candidate,,Devanagari,auto_from_transcript freq=1
तकलीब,candidate,,Devanagari,auto_from_transcript freq=1
हुगी,candidate,,Devanagari,auto_from_transcript freq=1
औड़,candidate,,Devanagari,auto_from_transcript freq=1
channel,candidate,,Devanagari,auto_from_transcript freq=1
लाई,candidate,,Devanagari,auto_from_transcript freq=1
हुए,candidate,,Devanagari,auto_from_transcript freq=1
आकर,candidate,,Devanagari,auto_from_transcript freq=1
ब्रीप,candidate,,Devanagari,auto_from_transcript freq=1
होते,candidate,,Devanagari,auto_from_transcript freq=1
डेविल,candidate,,Devanagari,auto_from_transcript freq=1
एरगोर्केट,candidate,,Devanagari,auto_from_transcript freq=1
बंद,candidate,,Devanagari,auto_from_transcript freq=1
उल्टे,candidate,,Devanagari,auto_from_transcript freq=1
पूछता,candidate,,Devanagari,auto_from_transcript freq=1
हूं,candidate,,Devanagari,auto_from_transcript freq=1
बारी,candidate,,Devanagari,auto_from_transcript freq=1
किसे,candidate,,Devanagari,auto_from_transcript freq=1
एलेक,candidate,,Devanagari,auto_from_transcript freq=1
प्रकरते,candidate,,Devanagari,auto_from_transcript freq=1
मन्थन,candidate,,Devanagari,auto_from_transcript freq=1
करना,candidate,,Devanagari,auto_from_transcript freq=1
पड़ता,candidate,,Devanagari,auto_from_transcript freq=1
अमृत,candidate,,Devanagari,auto_from_transcript freq=1
निकले,candidate,,Devanagari,auto_from_transcript freq=1
इस,candidate,,Devanagari,auto_from_transcript freq=1
कहा,candidate,,Devanagari,auto_from_transcript freq=1
कोशिश,candidate,,Devanagari,auto_from_transcript freq=1
हैती,candidate,,Devanagari,auto_from_transcript freq=1
निर्णाई,candidate,,Devanagari,auto_from_transcript freq=1
लेता,candidate,,Devanagari,auto_from_transcript freq=1
लगता,candidate,,Devanagari,auto_from_transcript freq=1
जाता,candidate,,Devanagari,auto_from_transcript freq=1
सहमना,candidate,,Devanagari,auto_from_transcript freq=1
विचारों,candidate,,Devanagari,auto_from_transcript freq=1
शेर,candidate,,Devanagari,auto_from_transcript freq=1
हलके,candidate,,Devanagari,auto_from_transcript freq=1
रियक्शन,candidate,,Devanagari,auto_from_transcript freq=1
देखता,candidate,,Devanagari,auto_from_transcript freq=1
होगा,candidate,,Devanagari,auto_from_transcript freq=1
conviction,candidate,,Devanagari,auto_from_transcript freq=1
बन,candidate,,Devanagari,auto_from_transcript freq=1
जाए,candidate,,Devanagari,auto_from_transcript freq=1
doesn,candidate,,Devanagari,auto_from_transcript freq=1
take,candidate,,Devanagari,auto_from_transcript freq=1
much,candidate,,Devanagari,auto_from_transcript freq=1
speed,candidate,,Devanagari,auto_from_transcript freq=1
कैसे,candidate,,Devanagari,auto_from_transcript freq=1
लिये,candidate,,Devanagari,auto_from_transcript freq=1
अब,candidate,,Devanagari,auto_from_transcript freq=1
nobel,candidate,,Devanagari,auto_from_transcript freq=1
prize,candidate,,Devanagari,auto_from_transcript freq=1
विनर,candidate,,Devanagari,auto_from_transcript freq=1
मिलते,candidate,,Devanagari,auto_from_transcript freq=1
भागबाद,candidate,,Devanagari,auto_from_transcript freq=1
उदान,candidate,,Devanagari,auto_from_transcript freq=1
देते,candidate,,Devanagari,auto_from_transcript freq=1
कल,candidate,,Devanagari,auto_from_transcript freq=1
पार्टिया,candidate,,Devanagari,auto_from_transcript freq=1
प्रिशर,candidate,,Devanagari,auto_from_transcript freq=1
करती,candidate,,Devanagari,auto_from_transcript freq=1
इतना,candidate,,Devanagari,auto_from_transcript freq=1
पैसा,candidate,,Devanagari,auto_from_transcript freq=1
दे,candidate,,Devanagari,auto_from_transcript freq=1
अपनी,candidate,,Devanagari,auto_from_transcript freq=1
परिस्थिति,candidate,,Devanagari,auto_from_transcript freq=1
अनुसार,candidate,,Devanagari,auto_from_transcript freq=1
निलने,candidate,,Devanagari,auto_from_transcript freq=1
समाजिक,candidate,,Devanagari,auto_from_transcript freq=1
तनाव,candidate,,Devanagari,auto_from_transcript freq=1
पैदा,candidate,,Devanagari,auto_from_transcript freq=1
होने,candidate,,Devanagari,auto_from_transcript freq=1
दूँगा।,candidate,,Devanagari,auto_from_transcript freq=1
ऐसे,candidate,,Devanagari,auto_from_transcript freq=1
मन,candidate,,Devanagari,auto_from_transcript freq=1
भावकताए,candidate,,Devanagari,auto_from_transcript freq=1
हुये,candidate,,Devanagari,auto_from_transcript freq=1
डाउन,candidate,,Devanagari,auto_from_transcript freq=1
पड़ी,candidate,,Devanagari,auto_from_transcript freq=1
इकणां,candidate,,Devanagari,auto_from_transcript freq=1
पूरी,candidate,,Devanagari,auto_from_transcript freq=1
तरह,candidate,,Devanagari,auto_from_transcript freq=1
दुनिया,candidate,,Devanagari,auto_from_transcript freq=1
बैट,candidate,,Devanagari,auto_from_transcript freq=1
चुकी,candidate,,Devanagari,auto_from_transcript freq=1
ठी,candidate,,Devanagari,auto_from_transcript freq=1
heard,candidate,,Devanagari,auto_from_transcript freq=1
opinions,candidate,,Devanagari,auto_from_transcript freq=1
experts,candidate,,Devanagari,auto_from_transcript freq=1
tried,candidate,,Devanagari,auto_from_transcript freq=1
understand,candidate,,Devanagari,auto_from_transcript freq=1
oppose,candidate,,Devanagari,auto_from_transcript freq=1
combined,candidate,,Devanagari,auto_from_transcript freq=1
country,candidate,,Devanagari,auto_from_transcript freq=1
situation,candidate,,Devanagari,auto_from_transcript freq=1
own,candidate,,Devanagari,auto_from_transcript freq=1
experience,candidate,,Devanagari,auto_from_transcript freq=1
mixed,candidate,,Devanagari,auto_from_transcript freq=1
developed,candidate,,Devanagari,auto_from_transcript freq=1
things,candidate,,Devanagari,auto_from_transcript freq=1
system,candidate,,Devanagari,auto_from_transcript freq=1
because,candidate,,Devanagari,auto_from_transcript freq=1
inflation,candidate,,Devanagari,auto_from_transcript freq=1
world,candidate,,Devanagari,auto_from_transcript freq=1
immediately,candidate,,Devanagari,auto_from_transcript freq=1
after,candidate,,Devanagari,auto_from_transcript freq=1
covid,candidate,,Devanagari,auto_from_transcript freq=1
तेज,candidate,,Devanagari,auto_from_transcript freq=1
गती,candidate,,Devanagari,auto_from_transcript freq=1
प्रगधी,candidate,,Devanagari,auto_from_transcript freq=1
वाला,candidate,,Devanagari,auto_from_transcript freq=1
उसका,candidate,,Devanagari,auto_from_transcript freq=1
मूल,candidate,,Devanagari,auto_from_transcript freq=1
कारण,candidate,,Devanagari,auto_from_transcript freq=1
vishwan miriam,candidate,,Devanagari,auto_from_transcript freq=1
miriam मेरी,candidate,,Devanagari,auto_from_transcript freq=1
मेरी आँख,candidate,,Devanagari,auto_from_transcript freq=1
आँख सामने,candidate,,Devanagari,auto_from_transcript freq=1
सामने जो,candidate,,Devanagari,auto_from_transcript freq=1
जो चीज़े,candidate,,Devanagari,auto_from_transcript freq=1
चीज़े वो,candidate,,Devanagari,auto_from_transcript freq=1
वो ही,candidate,,Devanagari,auto_from_transcript freq=1
ही मुझे,candidate,,Devanagari,auto_from_transcript freq=1
मुझे मोटिवेट,candidate,,Devanagari,auto_from_transcript freq=1
मोटिवेट करते,candidate,,Devanagari,auto_from_transcript freq=1
करते रहती,candidate,,Devanagari,auto_from_transcript freq=1
रहती दूसरा,candidate,,Devanagari,auto_from_transcript freq=1
दूसरा जो,candidate,,Devanagari,auto_from_transcript freq=1
जो जिम्मेबारी,candidate,,Devanagari,auto_from_transcript freq=1
जिम्मेबारी देशवास्वे,candidate,,Devanagari,auto_from_transcript freq=1
देशवास्वे ने,candidate,,Devanagari,auto_from_transcript freq=1
ने मुझे,candidate,,Devanagari,auto_from_transcript freq=1
मुझे दी,candidate,,Devanagari,auto_from_transcript freq=1
दी है।,candidate,,Devanagari,auto_from_transcript freq=1
है। कि,candidate,,Devanagari,auto_from_transcript freq=1
कि पद,candidate,,Devanagari,auto_from_transcript freq=1
पद मौज,candidate,,Devanagari,auto_from_transcript freq=1
मौज मस्ती,candidate,,Devanagari,auto_from_transcript freq=1
मस्ती करने,candidate,,Devanagari,auto_from_transcript freq=1
करने लिए,candidate,,Devanagari,auto_from_transcript freq=1
लिए आया।,candidate,,Devanagari,auto_from_transcript freq=1
आया। मेरी,candidate,,Devanagari,auto_from_transcript freq=1
मेरी जरब,candidate,,Devanagari,auto_from_transcript freq=1
जरब पुरा,candidate,,Devanagari,auto_from_transcript freq=1
पुरा प्रहास,candidate,,Devanagari,auto_from_transcript freq=1
प्रहास करूँगा,candidate,,Devanagari,auto_from_transcript freq=1
करूँगा हो,candidate,,Devanagari,auto_from_transcript freq=1
हो सकता,candidate,,Devanagari,auto_from_transcript freq=1
सकता दो,candidate,,Devanagari,auto_from_transcript freq=1
दो काम,candidate,,Devanagari,auto_from_transcript freq=1
काम बग,candidate,,Devanagari,auto_from_transcript freq=1
बग कर,candidate,,Devanagari,auto_from_transcript freq=1
कर पाऊं,candidate,,Devanagari,auto_from_transcript freq=1
पाऊं लेकिन,candidate,,Devanagari,auto_from_transcript freq=1
लेकिन मेरे,candidate,,Devanagari,auto_from_transcript freq=1
मेरे प्रयास,candidate,,Devanagari,auto_from_transcript freq=1
प्रयास कमी,candidate,,Devanagari,auto_from_transcript freq=1
कमी रहेगी,candidate,,Devanagari,auto_from_transcript freq=1
रहेगी मैंने,candidate,,Devanagari,auto_from_transcript freq=1
मैंने कह,candidate,,Devanagari,auto_from_transcript freq=1
कह देशवासियों,candidate,,Devanagari,auto_from_transcript freq=1
देशवासियों वादा,candidate,,Devanagari,auto_from_transcript freq=1
वादा करता,candidate,,Devanagari,auto_from_transcript freq=1
करता हूँ,candidate,,Devanagari,auto_from_transcript freq=1
हूँ कि,candidate,,Devanagari,auto_from_transcript freq=1
कि मै,candidate,,Devanagari,auto_from_transcript freq=1
मै कभी,candidate,,Devanagari,auto_from_transcript freq=1
कभी बी,candidate,,Devanagari,auto_from_transcript freq=1
बी परिश्रम,candidate,,Devanagari,auto_from_transcript freq=1
परिश्रम करने,candidate,,Devanagari,auto_from_transcript freq=1
करने पीछे,candidate,,Devanagari,auto_from_transcript freq=1
पीछे रहूंगा।,candidate,,Devanagari,auto_from_transcript freq=1
रहूंगा। दूसरा,candidate,,Devanagari,auto_from_transcript freq=1
दूसरा कहता,candidate,,Devanagari,auto_from_transcript freq=1
कहता कि,candidate,,Devanagari,auto_from_transcript freq=1
कि बद,candidate,,Devanagari,auto_from_transcript freq=1
बद इरादे,candidate,,Devanagari,auto_from_transcript freq=1
इरादे कोई,candidate,,Devanagari,auto_from_transcript freq=1
कोई काम,candidate,,Devanagari,auto_from_transcript freq=1
काम करूँगा,candidate,,Devanagari,auto_from_transcript freq=1
करूँगा तीसरा,candidate,,Devanagari,auto_from_transcript freq=1
तीसरा कहता,candidate,,Devanagari,auto_from_transcript freq=1
कहता मेरे,candidate,,Devanagari,auto_from_transcript freq=1
मेरे लिए,candidate,,Devanagari,auto_from_transcript freq=1
लिए कुछ,candidate,,Devanagari,auto_from_transcript freq=1
कुछ करूँगा,candidate,,Devanagari,auto_from_transcript freq=1
करूँगा आज,candidate,,Devanagari,auto_from_transcript freq=1
आज मुझे,candidate,,Devanagari,auto_from_transcript freq=1
मुझे साल,candidate,,Devanagari,auto_from_transcript freq=1
साल हो,candidate,,Devanagari,auto_from_transcript freq=1
हो गए,candidate,,Devanagari,auto_from_transcript freq=1
गए इतने,candidate,,Devanagari,auto_from_transcript freq=1
इतने लंबे,candidate,,Devanagari,auto_from_transcript freq=1
लंबे कालखन,candidate,,Devanagari,auto_from_transcript freq=1
कालखन head,candidate,,Devanagari,auto_from_transcript freq=1
head government,candidate,,Devanagari,auto_from_transcript freq=1
government given,candidate,,Devanagari,auto_from_transcript freq=1
given work,candidate,,Devanagari,auto_from_transcript freq=1
work weighed,candidate,,Devanagari,auto_from_transcript freq=1
weighed myself,candidate,,Devanagari,auto_from_transcript freq=1
myself three,candidate,,Devanagari,auto_from_transcript freq=1
three pillars,candidate,,Devanagari,auto_from_transcript freq=1
pillars inspiration,candidate,,Devanagari,auto_from_transcript freq=1
inspiration billion,candidate,,Devanagari,auto_from_transcript freq=1
billion people,candidate,,Devanagari,auto_from_transcript freq=1
people लोगों,candidate,,Devanagari,auto_from_transcript freq=1
लोगों सेवा,candidate,,Devanagari,auto_from_transcript freq=1
सेवा उनके,candidate,,Devanagari,auto_from_transcript freq=1
उनके एस्पिरेशन,candidate,,Devanagari,auto_from_transcript freq=1
एस्पिरेशन उंकी,candidate,,Devanagari,auto_from_transcript freq=1
उंकी आवशक्ता,candidate,,Devanagari,auto_from_transcript freq=1
आवशक्ता है।,candidate,,Devanagari,auto_from_transcript freq=1
है। जितनी,candidate,,Devanagari,auto_from_transcript freq=1
जितनी मेहनत,candidate,,Devanagari,auto_from_transcript freq=1
मेहनत कर,candidate,,Devanagari,auto_from_transcript freq=1
कर सकूँ,candidate,,Devanagari,auto_from_transcript freq=1
सकूँ जीतना,candidate,,Devanagari,auto_from_transcript freq=1
जीतना करसको,candidate,,Devanagari,auto_from_transcript freq=1
करसको करने,candidate,,Devanagari,auto_from_transcript freq=1
करने मुड़,candidate,,Devanagari,auto_from_transcript freq=1
मुड़ आज,candidate,,Devanagari,auto_from_transcript freq=1
आज मैरी,candidate,,Devanagari,auto_from_transcript freq=1
मैरी उर्जा,candidate,,Devanagari,auto_from_transcript freq=1
उर्जा वो,candidate,,Devanagari,auto_from_transcript freq=1
ही engineer,candidate,,Devanagari,auto_from_transcript freq=1
engineer person,candidate,,Devanagari,auto_from_transcript freq=1
person loves,candidate,,Devanagari,auto_from_transcript freq=1
loves mathematics,candidate,,Devanagari,auto_from_transcript freq=1
mathematics ask,candidate,,Devanagari,auto_from_transcript freq=1
ask srinivasa,candidate,,Devanagari,auto_from_transcript freq=1
srinivasa ramanujan,candidate,,Devanagari,auto_from_transcript freq=1
ramanujan indian,candidate,,Devanagari,auto_from_transcript freq=1
indian mathematician,candidate,,Devanagari,auto_from_transcript freq=1
