utterance_id,audio_path,source,split,chunk_start_sec,chunk_end_sec,chunk_duration_sec,source_text,target_maithili,dictionary_coverage,target_maithili_fluent,tts_text_maithili,tts_word_budget
lexmodi_original_2h20m_10m__chunk_0000,/home/vishal/assignment2-final/stage1_lid/audio/chunks/lexmodi_original_2h20m_10m__chunk_0000.wav,lexmodi_original_2h20m_10m,test,0.000,15.000,15.000,motivation मेरी आंख के सामने जो चीजें हैं वही मुझे मोटिवेट करती रहती है दूसरा मेरी जिम्मेवारी मुझे दौड़ाती है जो जिम्मेवारी देशवासियों ने मुझे दी है मुझे हमेशा लगता है,motivation हमर आंख के सोझाँ जे चीजें हैं वही हमरा मोटिवेट करैत रहैत है दोसर हमर जिम्मेवारी हमरा दौड़ाती है जे जिम्मेवारी देशवासीसभ N/A हमरा देलक है हमरा हमेशा लगैत है,0.5161,"जे चीज हमर आँखि सोझा अछि, ओही हमरा प्रेरित करैत रहैत अछि। दोसर, हमर जिम्मेवारी हमरा दौड़बैत अछि, जे जिम्मेवारी देशवासी लोकनि हमरा देने छथि। हमरा हमेशा लगैत अछि।","जे चीज हमर आँखि सोझा अछि, ओही हमरा प्रेरित करैत रहैत अछि। दोसर, हमर जिम्मेवारी हमरा दौड़बैत अछि, जे जिम्मेवारी देशवासी लोकनि हमरा देने छथि।",28
lexmodi_original_2h20m_10m__chunk_0001,/home/vishal/assignment2-final/stage1_lid/audio/chunks/lexmodi_original_2h20m_10m__chunk_0001.wav,lexmodi_original_2h20m_10m,test,14.000,29.000,15.000,अच्छा लगता है कि मैं पद पर मौज मस्ती करने के लिए नहीं आया मेरी तरफ से मैं पूरा प्रयास करूंगा हो सकता है मैं दो काम ना कर पाऊं लेकिन मेरे प्रयास में कमी नहीं रहेगी,अच्छा लगैत है जे मैं पद पर मौज मस्ती करबाक के लेल नहीं आया हमर तरफ से मैं पूरा प्रयास करूंगा होइ सकैत है मैं दू काज ना करि सकब मुदा हमर प्रयास में कमी नहीं रहत,0.4054,"हमरा नीक लगैत अछि जे हम पद पर मौज-मस्ती करबाक लेल नहिं आयल छी। हमर दिस सं हम पूरा प्रयास करब। भऽ सकैत अछि जे हम दू काज नहिं कऽ पाबी, मुदा हमर प्रयास मे कोनो कसर नहिं रहत।",हमरा नीक लगैत अछि जे हम पद पर मौज-मस्ती करबाक लेल नहिं आयल छी। हमर दिस सं हम पूरा प्रयास करब।,28
lexmodi_original_2h20m_10m__chunk_0003,/home/vishal/assignment2-final/stage1_lid/audio/chunks/lexmodi_original_2h20m_10m__chunk_0003.wav,lexmodi_original_2h20m_10m,test,42.000,57.000,15.000,मैंने कहा मैं देशवासियों को वादा करता हूं कि मैं कभी भी परिश्रम करने में पीछे नहीं रहूंगा। दूसरा मैं कहता था कि मैं बद्ध इरादे से,हम कहलिऐा मैं देशवासीसभ को वादा करैत छी जे मैं कहियो भी परिश्रम करबाक में पाछू नहीं रहब दोसर मैं कहैत था जे मैं बद्ध इरादासभ से,0.5185,हम कहलियनि जे हम देशवासी सबहक सँ प्रतिज्ञा करैत छियनि जे हम कहियो परिश्रम करब मे पाछू नहि हटब। दोसर हम ई कहैत रही जे हम दृढ़ संकल्प सँ...,हम कहलियनि जे हम देशवासी सबहक सँ प्रतिज्ञा करैत छियनि जे हम कहियो परिश्रम करब मे पाछू नहि हटब।,27
lexmodi_original_2h20m_10m__chunk_0004,/home/vishal/assignment2-final/stage1_lid/audio/chunks/lexmodi_original_2h20m_10m__chunk_0004.wav,lexmodi_original_2h20m_10m,test,56.000,71.000,15.000,बद इरादे से कोई काम नहीं करूंगा। और तीसरा मैं कहता था मेरे लिए मैं कुछ नहीं करूंगा। आज मुझे 24 साल हो गए इतने लंबे कालखंड से मैं,खराब इरादासभ से कोनो काज नहीं करूंगा। और तेसर मैं कहैत था हमरा लेल मैं किछु नहीं करूंगा। आइ हमरा 24 वर्ष भऽ गेल एतेक लाम्बा कालखंड से मैं,0.3571,खराब नियत सँ कोनो काज नहि करब। आ तेसर हम कहैत छलहुँ जे अपन लेल हम किछ नहि करब। आइ हमरा चौबीस साल भऽ गेल एतेक लम्बा समय सँ हम,खराब नियत सँ कोनो काज नहि करब। आ तेसर हम कहैत छलहुँ जे अपन लेल हम किछ नहि करब।,28
lexmodi_original_2h20m_10m__chunk_0005,/home/vishal/assignment2-final/stage1_lid/audio/chunks/lexmodi_original_2h20m_10m__chunk_0005.wav,lexmodi_original_2h20m_10m,test,70.000,85.000,15.000,head of the government inspiration,प्रमुख of the सरकार प्रेरणा,0.6000,सरकारक प्रमुख प्रेरणास्रोत,सरकारक प्रमुख प्रेरणास्रोत,6
lexmodi_original_2h20m_10m__chunk_0006,/home/vishal/assignment2-final/stage1_lid/audio/chunks/lexmodi_original_2h20m_10m__chunk_0006.wav,lexmodi_original_2h20m_10m,test,84.000,99.000,15.000,one 1.4 billion लोगों की सेवा उनके aspiration उनकी आवश्यकता जितनी मेहनत कर सकूं जितना कर सकूं मैं करने के mood,एक 1. 4 अरब लोक की सेवा हुनक aspiration उनकी आवश्यकता जतेक परिश्रम करू सकूं जितना करि सकूं मैं करबाक के mood,0.4000,"एक अरब चालीस करोड़ लोकक सेवा, हुनकर आकांक्षा, हुनकर आवश्यकता - जेतेक मेहनत कऽ सकू, जेतेक कऽ सकू, हम ओहिना करबाक मन में छी।","एक अरब चालीस करोड़ लोकक सेवा, हुनकर आकांक्षा, हुनकर आवश्यकता - जेतेक मेहनत कऽ सकू, जेतेक कऽ सकू, हम ओहिना करबाक मन में",22
lexmodi_original_2h20m_10m__chunk_0007,/home/vishal/assignment2-final/stage1_lid/audio/chunks/lexmodi_original_2h20m_10m__chunk_0007.wav,lexmodi_original_2h20m_10m,test,98.000,113.000,15.000,"मैं करने के mood में हूं आज भी मेरी ऊर्जा वही है जी Me as an engineer, as a person who loves mathematics, I have to ask. Srinivasa Ramanujan is an Indian mathematician from a century ago. He is widely considered to be uh one of the","मैं करबाक के mood में छी आइ भी हमर ऊर्जा वही है जी Me as an अभियंता, as a व्यक्ति who गणित सँ प्रेम करैत अछि, I have to पूछब. श्रीनिवास रामानुजन is an भारतीय गणितज्ञ from a शताब्दी पहिने. He is व्यापक रूप सँ मानल जाइत छथि to be uh एक of the",0.2400,"हम करबाक मूड में छी, आइयो हमर ऊर्जा ओही अछि जी। हम एकटा इंजीनियरक रूप में, गणितक प्रेमीक रूप में, हमरा ई पूछबे परत। श्रीनिवास रामानुजन एकटा भारतीय गणितज्ञ छथि जे एक शताब्दी पहिनेक छलाह। हुनका व्यापक रूप सँ मानल जाइत छनि जे अह... ओ एकटा छथि...","हम करबाक मूड में छी, आइयो हमर ऊर्जा ओही अछि जी। हम एकटा इंजीनियरक रूप में, गणितक प्रेमीक रूप में, हमरा ई पूछबे परत।",28
lexmodi_original_2h20m_10m__chunk_0008,/home/vishal/assignment2-final/stage1_lid/audio/chunks/lexmodi_original_2h20m_10m__chunk_0008.wav,lexmodi_original_2h20m_10m,test,112.000,127.000,15.000,"uh one of the greatest mathematicians of all time, self-taught, grew up in poverty. You have often spoken about him. Uh what do you find inspiring about him?","uh एक of the महानतम गणितज्ञ लोकनि of सब समय, स्वयं-शिक्षित, बढ़लाह up in गरीबी. You have प्रायः कहल जाइत अछि बारेमे him. Uh what do you पाबैत छथि प्रेरणादायक बारेमे him?",0.5000,"उम्म्म, सब समयक महानतम गणितज्ञसभ मे सँ एकटा, जे अपने सँ सीखल छलाह आ गरीबी मे पला-बढ़लाह। अहाँ हुनका विषय मे प्रायः बजैत रहल छी। उम्म्म, हुनका बारे मे अहाँकेँ कोन बात प्रेरणादायक लागैत अछि?","उम्म्म, सब समयक महानतम गणितज्ञसभ मे सँ एकटा, जे अपने सँ सीखल छलाह आ गरीबी मे पला-बढ़लाह। अहाँ हुनका विषय मे प्रायः बजैत रहल छी।",28
lexmodi_original_2h20m_10m__chunk_0009,/home/vishal/assignment2-final/stage1_lid/audio/chunks/lexmodi_original_2h20m_10m__chunk_0009.wav,lexmodi_original_2h20m_10m,test,126.000,141.000,15.000,देखिए मैं देख रहा हूं मैं बहुत आदर करता हूं और मेरे देश के हर कोई उनको आदर करते हैं क्योंकि science और spirituality के बीच,देखिए मैं देख रहल छी मैं बहुत आदर करैत छी और हमर देश के हर कोनो ओनका आदर करैत हैं क्योंकि विज्ञान और आध्यात्मिकता के बीच,0.5385,"देखू, हम तँ हुनकर बहुत आदर करैत छियनि, आ हमर देशक सब गोटे हुनका आदर करैत छथि। किएक तँ विज्ञान आ अध्यात्मक बीच...","देखू, हम तँ हुनकर बहुत आदर करैत छियनि, आ हमर देशक सब गोटे हुनका आदर करैत छथि। किएक तँ विज्ञान आ अध्यात्मक बीच...",26
lexmodi_original_2h20m_10m__chunk_0010,/home/vishal/assignment2-final/stage1_lid/audio/chunks/lexmodi_original_2h20m_10m__chunk_0010.wav,lexmodi_original_2h20m_10m,test,140.000,155.000,15.000,spirituality connect scientific advance minds spiritually advance,आध्यात्मिकता connect वैज्ञानिक advance मन आध्यात्मिक रूप सँ advance,0.5714,आध्यात्मिकता वैज्ञानिक प्रगति केँ आध्यात्मिक रूप सँ उन्नत मनसभ सँ जोड़ैत अछि।,आध्यात्मिकता वैज्ञानिक प्रगति केँ आध्यात्मिक रूप सँ,7
lexmodi_original_2h20m_10m__chunk_0011,/home/vishal/assignment2-final/stage1_lid/audio/chunks/lexmodi_original_2h20m_10m__chunk_0011.wav,lexmodi_original_2h20m_10m,test,154.000,169.000,15.000,So cut off नहीं होता है। श्रीनिवास रामानुजम कहते थे कि उन्हें उस देवी से आते हैं जिसकी वो पूजा करते हैं।,So cut off नहीं होता अछि श्रीनिवास रामानुजम कहैत थे जे हुनका उस देवी से अबैत हैं जेकर ओ पूजा करैत हैं।,0.4091,तेँ संबंध नहि टूटैत छै। श्रीनिवास रामानुजन कहने छलाह जे हुनका ओहि देवीसँ आबय छनि जेकरि ओ पूजा करैत छथि।,तेँ संबंध नहि टूटैत छै। श्रीनिवास रामानुजन कहने छलाह जे हुनका ओहि देवीसँ आबय छनि जेकरि ओ पूजा करैत छथि।,22
lexmodi_original_2h20m_10m__chunk_0012,/home/vishal/assignment2-final/stage1_lid/audio/chunks/lexmodi_original_2h20m_10m__chunk_0012.wav,lexmodi_original_2h20m_10m,test,168.000,183.000,15.000,any idea hard work devote,कोनो idea hard काज समर्पित करब,0.6000,कठिन परिश्रम समर्पित करबाक संबंधमे कोनो विचार?,कठिन परिश्रम समर्पित करबाक संबंधमे कोनो,6
lexmodi_original_2h20m_10m__chunk_0013,/home/vishal/assignment2-final/stage1_lid/audio/chunks/lexmodi_original_2h20m_10m__chunk_0013.wav,lexmodi_original_2h20m_10m,test,182.000,197.000,15.000,knowledge sources open,ज्ञान sources open,0.3333,ज्ञानक स्रोत सब खुलल अछि।,ज्ञानक स्रोत सब खुलल अछि।,6
lexmodi_original_2h20m_10m__chunk_0014,/home/vishal/assignment2-final/stage1_lid/audio/chunks/lexmodi_original_2h20m_10m__chunk_0014.wav,lexmodi_original_2h20m_10m,test,196.000,211.000,15.000,हमारे पास उतने ही ज्यादा आएंगे। हमें और के बीच में फर्क करना भी समझना चाहिए। कुछ लोग को मानते हैं और का बहुत बड़ा पुंज लेकर के घूमते,हमारे लग उतने एहो ज्यादा आएंगे। हमें और के बीच में फरक करब भी बुझब चाहिए। किछु लोक को मानब हैं और का बहुत पैघ पुंज लेकर के घूमते,0.3793,हमरा सभक लग ओतबे बेसी आयत। हमरा सभकें आन-आन वस्तु/लोकनिक बीच फरक करब सेहो बुझबाक चाही। किछु लोक किछोकेँ मानैत छथि आ ओकरे बहुत पैघ पुंज ल' क' घूमैत छथि।,हमरा सभक लग ओतबे बेसी आयत। हमरा सभकें आन-आन वस्तु लोकनिक बीच फरक करब सेहो बुझबाक चाही।,28
lexmodi_original_2h20m_10m__chunk_0015,/home/vishal/assignment2-final/stage1_lid/audio/chunks/lexmodi_original_2h20m_10m__chunk_0015.wav,lexmodi_original_2h20m_10m,test,210.000,225.000,15.000,पुंज लेकर के घूमते रहते हैं मैं नहीं मानता हूं कि information का मतलब knowledge करना Knowledge एक एक विधा है जो एक processing के बाद धीरे-धीरे-धीरे evolve होती है और उसको हमने उस,पुंज लेकर के घूमते रहते हैं मैं नहीं मानता छी जे जानकारी का मतलब ज्ञान करब ज्ञान एक एक विधा है जे एक processing के बाद धीरे - धीरे - धीरे evolve होइत है और ओकरा हम उस,0.4722,"पुञ्ज ल'क' फिरैत रहैत छथि। हम ई नहिं मानैत छी जे जानकारी केँ ज्ञान कहब सही अछि। ज्ञान एकटा विधा थिक, जे एकटा प्रोसेसिंग क' बाद धीरे-धीरे विकसित होइत अछि। आ ओकरा हमरा लोकनि ओहि...",पुञ्ज ल क फिरैत रहैत छथि। हम ई नहिं मानैत छी जे जानकारी केँ ज्ञान कहब सही अछि।,28
lexmodi_original_2h20m_10m__chunk_0016,/home/vishal/assignment2-final/stage1_lid/audio/chunks/lexmodi_original_2h20m_10m__chunk_0016.wav,lexmodi_original_2h20m_10m,test,224.000,239.000,15.000,"handle You have a reputation for being a decisive leader. So, can you walk me through on this topic of ideas, how you make decisions, what's your process?","handle You have a प्रतिष्ठा for being a निर्णायक नेता. So, can you चलब me सँ होइत on this विषय of विचार, कोना you बनाबय निर्णयसभ, what ' s your प्रक्रिया?",0.3793,"अहाँक प्रसिद्धि एकटा निर्णायक नेताक रूपमे छैक। तँ, एहि विचारसभक विषय पर, अहाँ निर्णय कोना लैत छी आ अहाँक प्रक्रिया की छैक, से हमरा विस्तार सँ बता सकय छी की?",अहाँक प्रसिद्धि एकटा निर्णायक नेताक रूपमे छैक।,28
lexmodi_original_2h20m_10m__chunk_0017,/home/vishal/assignment2-final/stage1_lid/audio/chunks/lexmodi_original_2h20m_10m__chunk_0017.wav,lexmodi_original_2h20m_10m,test,238.000,253.000,15.000,"process. So for instance when facing a high stakes choice, uh with no clear precedence, you know, a lot of uncertainty, having to balance inputs, how do you make decisions?","प्रक्रिया. So for उदाहरण when सामना करैत a ऊँच दाँव विकल्प, uh with no स्पष्ट प्राथमिकता, you जानब, a बहुत of अनिश्चितता, having to संतुलन inputs, कोना do you बनाबय निर्णयसभ?",0.5000,"प्रक्रिया। तँ मानू जेना, जखन अहाँ कोनो एहन महत्वपूर्ण निर्णय सँ सामना करैत छी, जतय बहुत किछु दाँव पर लागल हो, कोनो स्पष्ट पूर्व उदाहरण नहि हो, बहुतो अनिश्चितता हो, आ सभ जानकारी केँ संतुलित करबाक हो, तखन अहाँ फैसला केना करैत छी?",प्रक्रिया।,28
lexmodi_original_2h20m_10m__chunk_0018,/home/vishal/assignment2-final/stage1_lid/audio/chunks/lexmodi_original_2h20m_10m__chunk_0018.wav,lexmodi_original_2h20m_10m,test,252.000,267.000,15.000,बहुत सी बातें हैं इसके पीछे एक शायद हिंदुस्तान में मैं एक ऐसा politician हूं जो मेरे देश के,बहुत सी बातें हैं इसके पाछू एक शायद भारत में मैं एक एहन politician छी जे हमर देश के,0.5789,एहि पाछू बहुत रास गप अछि। शायद हम हिंदुस्तान मे एकटा एहन नेता छी जे हमर देशक,एहि पाछू बहुत रास गप अछि। शायद हम हिंदुस्तान मे एकटा एहन नेता छी जे हमर देशक,19
lexmodi_original_2h20m_10m__chunk_0019,/home/vishal/assignment2-final/stage1_lid/audio/chunks/lexmodi_original_2h20m_10m__chunk_0019.wav,lexmodi_original_2h20m_10m,test,266.000,281.000,15.000,85 to 90% district,85 to 90 % district,0.0000,पचासी स नब्बे प्रतिशत जिला,पचासी स नब्बे प्रतिशत जिला,6
lexmodi_original_2h20m_10m__chunk_0020,/home/vishal/assignment2-final/stage1_lid/audio/chunks/lexmodi_original_2h20m_10m__chunk_0020.wav,lexmodi_original_2h20m_10m,test,280.000,295.000,15.000,"उससे जो मैंने पाया है, वो जो सीखा है, तो मेरे पास वो एक बहुत बड़ा चीजों को grass root level पर स्थितियों के विषय में मेरी first hand information है।","ओहि सँ जे हम पेलनि है, ओ जे सीखा है, तो हमर लग ओ एक बहुत पैघ चीजसभ को grass root level पर स्थितिसभ के विषय में हमर first hand जानकारी अछि",0.5484,"ओकरा सँ जे हमरा भेटल अछि, ओ जे हम सिखने छी, तँ हमरा लग ग्रास रूट लेभल पर बात सभक स्थितिसभक सम्बन्ध मे ओ एकटा बहुत पैघ सीधा जानकारी अछि।","ओकरा सँ जे हमरा भेटल अछि, ओ जे हम सिखने छी, तँ हमरा लग ग्रास रूट लेभल पर बात सभक स्थितिसभक सम्बन्ध मे ओ एकटा बहुत पैघ सीधा",28
lexmodi_original_2h20m_10m__chunk_0021,/home/vishal/assignment2-final/stage1_lid/audio/chunks/lexmodi_original_2h20m_10m__chunk_0021.wav,lexmodi_original_2h20m_10m,test,294.000,309.000,15.000,observation governance,observation शासन,0.5000,अवलोकन शासन,अवलोकन शासन,6
lexmodi_original_2h20m_10m__chunk_0022,/home/vishal/assignment2-final/stage1_lid/audio/chunks/lexmodi_original_2h20m_10m__chunk_0022.wav,lexmodi_original_2h20m_10m,test,308.000,323.000,15.000,प्रकार का baggage नहीं है कि जिस baggage को लेकर के मुझे दबे रहना है उसके आधार पर मेरा चलना है वो नहीं है तीसरा निर्णय करने में मेरा,प्रकार का सामान नहीं है जे जिस सामान को लेकर के हमरा दबे रहना है ओकरा आधार पर मोर चलना है ओ नहीं है तेसर निर्णय करबाक में मोर,0.3448,"हमरा कोनो तरहक बोझ नहि अछि जेकरा ल'क' हमरा दबल रहय पड़ैत अछि आ नहि ओकरे आधार पर हमर चलब अछि। तेसर, निर्णय लेबामे हमर","हमरा कोनो तरहक बोझ नहि अछि जेकरा ल क हमरा दबल रहय पड़ैत अछि आ नहि ओकरे आधार पर हमर चलब अछि। तेसर, निर्णय लेबामे हमर",28
lexmodi_original_2h20m_10m__chunk_0023,/home/vishal/assignment2-final/stage1_lid/audio/chunks/lexmodi_original_2h20m_10m__chunk_0023.wav,lexmodi_original_2h20m_10m,test,322.000,337.000,15.000,तय करने में मेरा एक तराजू है मेरा देश सबसे पहले मैं जो कर रहा हूं मेरे देश का नुकसान तो नहीं हो रहा है दूसरा हमारे यहां महात्मा गांधी कहते थे कि भई तुम्हें कोई,तय करबाक में मोर एक तराजू है मोर देश सभसँ पहिने मैं जे करि रहल छी हमर देश का नुकसान तो नहीं होइ रहल है दोसर हमारे यहां महात्मा गांधी कहैत थे जे भई तोरा कोनो,0.5833,"तय करबामे हमर एकटा तराजू छैक: हमर देश सबसँ पहिने। हम जे किछु क' रहल छी, ओ सँ हमर देश केँ नुकसान त' नहि भ' रहल छैक? दोसर, हमरा लोकनिक एतय महात्मा गांधी कहैत छलाह जे भाई अहाँकेँ कोनो","तय करबामे हमर एकटा तराजू छैक: हमर देश सबसँ पहिने। हम जे किछु क रहल छी, ओ सँ हमर देश केँ नुकसान त नहि भ रहल छैक?",28
lexmodi_original_2h20m_10m__chunk_0024,/home/vishal/assignment2-final/stage1_lid/audio/chunks/lexmodi_original_2h20m_10m__chunk_0024.wav,lexmodi_original_2h20m_10m,test,336.000,351.000,15.000,कि भई तुम्हें कोई निर्णय करते समय कोई उलझन हो तो तुम किसी गरीब का चेहरा देख लो उनको याद करो और सोचो यह उसके काम आएगा क्या तो आपका निर्णय सही होगा मुझे वह मंत्र बहुत काम आता है कि भई आप,जे भई तोरा कोनो निर्णय करैत समय कोनो उलझन होइ तो तुम कोनो गरीब का चेहरा देख लिय ओनका याद करू और सोचू यह ओकरा काज आओत कि तो आपका निर्णय सही हेत हमरा वह मंत्र बहुत काज आता है जे भई आप,0.5581,"जेना की अहाँकेँ कोनो निर्णय लैत काल कोनो उलझन होइ तँ, अहाँ कोनो गरीबक मुँह तकिया लिअ, ओकरा याद करू आ सोचू जे ई ओकरा काज आयत की? तँ अहाँक निर्णय सही हेतैक. हमरा ओ मंत्र बहुत काज अबैत अछि जेना की अहाँ","जेना की अहाँकेँ कोनो निर्णय लैत काल कोनो उलझन होइ तँ, अहाँ कोनो गरीबक मुँह तकिया लिअ, ओकरा याद करू आ सोचू जे ई ओकरा काज आयत की?",28
lexmodi_original_2h20m_10m__chunk_0025,/home/vishal/assignment2-final/stage1_lid/audio/chunks/lexmodi_original_2h20m_10m__chunk_0025.wav,lexmodi_original_2h20m_10m,test,350.000,365.000,15.000,कि भाई आप सामान्य मानवी को तो याद करो कि अभी मैं जो कर रहा हूं उसका दूसरे प्रक्रिया जहां तक है कि मैं बहुत ही well connected हूं मेरी सरकार में मेरे अफसरों की,जे भाई आप सामान्य मानवी को तो याद करू जे अभी मैं जे करि रहल छी ओकर दोसर प्रक्रिया जहां तक है जे मैं बहुत एहो well जुड़ल छी हमर सरकार में हमर अधिकारीसभ की,0.5143,"जे भाई, अहाँ सामान्य लोककेँ तँ मोन करू जे अखन हम जे कऽ रहल छी, ओकर दोसर पक्ष ई अछि जे हम बहुत बेसी वेल कनेक्टेड छी, हमर सरकारमे हमर अधिकारीसभक...","जे भाई, अहाँ सामान्य लोककेँ तँ मोन करू जे अखन हम जे कऽ रहल छी, ओकर दोसर पक्ष ई अछि जे हम बहुत बेसी वेल कनेक्टेड छी, हमर",28
lexmodi_original_2h20m_10m__chunk_0026,/home/vishal/assignment2-final/stage1_lid/audio/chunks/lexmodi_original_2h20m_10m__chunk_0026.wav,lexmodi_original_2h20m_10m,test,364.000,379.000,15.000,को मेरे प्रति ईर्ष्या भी होती होगी और उनको तकलीफ़ भी होती होगी और वो है मेरे information channel बहुत है और बहुत live है,को हमर प्रति ईर्ष्या भी होइत होगी और ओनका तकलीफ़ भी होइत होगी और ओ है हमर जानकारी चैनल बहुत है और बहुत live है,0.4000,"ओकरा सभकें हमरा प्रति दाहो होइत हेतै, आ ओकरा सभकें कष्टो होइत हेतै, आ ओकर कारण ई अछि जे हमर जानकारीक चैनल सभ बहुत बेसी अछि आ बहुत 'लाइव' अछि।","ओकरा सभकें हमरा प्रति दाहो होइत हेतै, आ ओकरा सभकें कष्टो होइत हेतै, आ ओकर कारण ई अछि जे हमर जानकारीक चैनल सभ बहुत बेसी",25
lexmodi_original_2h20m_10m__chunk_0027,/home/vishal/assignment2-final/stage1_lid/audio/chunks/lexmodi_original_2h20m_10m__chunk_0027.wav,lexmodi_original_2h20m_10m,test,378.000,393.000,15.000,और इसलिए मुझे चीजों की जानकारियां बहुत सारी मिल जाती हैं और जगह से तो मुझे कोई आकर के brief करें वही अकेली information नहीं होती,और इसलिए हमरा चीजसभ की जानकारियां बहुत सारी मिल जाती हैं और जगह से तो हमरा कोनो आबि कऽ के brief करू वही अकेली जानकारी नहीं होइत,0.3462,"आ एहि लेल हमरा चीज सभक जानकारी बहुत रास आन-आन ठाम सँ भेटि जाइत अछि। तेँ कोनो हमरा आबि कऽ जँ ब्रिफ करथि, तँ ओहेटा मात्र जानकारी नहि रहैत अछि।",आ एहि लेल हमरा चीज सभक जानकारी बहुत रास आन-आन ठाम सँ भेटि जाइत अछि।,26
lexmodi_original_2h20m_10m__chunk_0028,/home/vishal/assignment2-final/stage1_lid/audio/chunks/lexmodi_original_2h20m_10m__chunk_0028.wav,lexmodi_original_2h20m_10m,test,392.000,407.000,15.000,information officer,जानकारी officer,0.5000,सूचना पदाधिकारी,सूचना पदाधिकारी,6
lexmodi_original_2h20m_10m__chunk_0029,/home/vishal/assignment2-final/stage1_lid/audio/chunks/lexmodi_original_2h20m_10m__chunk_0029.wav,lexmodi_original_2h20m_10m,test,406.000,421.000,15.000,तो मैं विद्यार्थी भाव से उसको पूछता हूं भई अच्छा मुझे बताओ भाई कैसे हैं फिर क्या है फिर कैसे हैं और कभी मेरे पास दूसरी information है तो मैं devil advocate बन करके उल्टे प्रश्न पूछता हूं,तो मैं विद्यार्थी भाव से ओकरा पुछैत छी भई अच्छा हमरा बताओ भाई केना हैं फेर कि है फेर केना हैं और कहियो हमर लग दूसरी जानकारी है तो मैं devil advocate बनि कए उल्टे प्रश्न पुछैत छी,0.5000,"तँ हम विद्यार्थीक भाव सँ ओकरा सँ पुछैत छियनि जे, 'अहाँ नीक जकाँ हमरा बताउ भैया, कोना चलि रहल अछि? फेर की सब भेल? फेर आगाँ की सब छैक?' आ कहियो काल जँ हमरा लग दोसर जानकारी रहैत अछि तँ हम 'डेविल एडवोकेट' बनि कऽ उल्टा प्रश्न पुछैत छी।","तँ हम विद्यार्थीक भाव सँ ओकरा सँ पुछैत छियनि जे, अहाँ नीक जकाँ हमरा बताउ भैया, कोना चलि रहल अछि? फेर की सब भेल?",28
lexmodi_original_2h20m_10m__chunk_0030,/home/vishal/assignment2-final/stage1_lid/audio/chunks/lexmodi_original_2h20m_10m__chunk_0030.wav,lexmodi_original_2h20m_10m,test,420.000,435.000,15.000,उसको बहुत बारीकी से अनेक प्रकार से मंथन करना पड़ता है। तो ऐसा करने से एक अमृत निकले उस प्रकार की मेरी कोशिश रहती है।,ओकरा बहुत बारीकी से अनेक प्रकार से मंथन करब पड़ैत अछि तो एहन करबाक से एक अमृत निकलै उस प्रकार की हमर कोशिश रहैत अछि,0.5600,"ओकरा बहुत बारीकी सँ, अनेक प्रकार सँ मंथन करय पड़ै छै। तँ एना करय सँ एकटा अमृत निकलय, ओहि तरहक हमर कोशिश रहैत अछि।","ओकरा बहुत बारीकी सँ, अनेक प्रकार सँ मंथन करय पड़ै छै। तँ एना करय सँ एकटा अमृत निकलय, ओहि तरहक हमर कोशिश रहैत अछि।",25
lexmodi_original_2h20m_10m__chunk_0031,/home/vishal/assignment2-final/stage1_lid/audio/chunks/lexmodi_original_2h20m_10m__chunk_0031.wav,lexmodi_original_2h20m_10m,test,434.000,449.000,15.000,दूसरा मैं जब निर्णय लेता हूं मुझे लगता है कि हां यह करने जैसा है तो फिर मैं एक सहमना जो लोग हैं मेरे विचारों को उनको share करके हल्के फुल्के,दोसर मैं जखन निर्णय लैत छी हमरा लगैत है जे हां यह करबाक जैसा है तो फेर मैं एक सामना जे लोक हैं हमर विचारसभ को ओनका share कए हल्के फुल्के,0.5484,"दोसर, जखन हम कोनो निर्णय लैत छी, हमरा लगैत अछि जे हाँ, ई करबाक लेल ठीक अछि, तखन हम समान सोचवला लोक सभ जे छथि, हुनका सभक संग अपन विचार सभ बाँटि, हल्के-फुल्के...","दोसर, जखन हम कोनो निर्णय लैत छी, हमरा लगैत अछि जे हाँ, ई करबाक लेल ठीक अछि, तखन हम समान सोचवला लोक सभ जे छथि, हुनका सभक संग",28
lexmodi_original_2h20m_10m__chunk_0032,/home/vishal/assignment2-final/stage1_lid/audio/chunks/lexmodi_original_2h20m_10m__chunk_0032.wav,lexmodi_original_2h20m_10m,test,448.000,463.000,15.000,हल्के फुल्के शब्दों में मैं डालता हूं उनके भी reaction देखता हूं कि निर्णय का क्या होगा और मुझे फिर जब conviction बन जाए,हल्के फुल्के शब्दों में मैं डालता छी हुनक भी reaction देखैत छी जे निर्णय का कि हेत और हमरा फेर जखन दृढ विश्वास बनि जाइ,0.5417,"हल्के-फुल्के बातमे हम अपन बात राखैत छी, हुनकरो प्रतिक्रिया देखैत छी जे निर्णयक की होयत, आ फेर जखन हमरा विश्वास भऽ जाए","हल्के-फुल्के बातमे हम अपन बात राखैत छी, हुनकरो प्रतिक्रिया देखैत छी जे निर्णयक की होयत, आ फेर जखन हमरा विश्वास भऽ जाए",24
lexmodi_original_2h20m_10m__chunk_0033,/home/vishal/assignment2-final/stage1_lid/audio/chunks/lexmodi_original_2h20m_10m__chunk_0033.wav,lexmodi_original_2h20m_10m,test,462.000,477.000,15.000,process time speed,प्रक्रिया समय गति,1.0000,प्रक्रिया समय गति,प्रक्रिया समय गति,6
lexmodi_original_2h20m_10m__chunk_0034,/home/vishal/assignment2-final/stage1_lid/audio/chunks/lexmodi_original_2h20m_10m__chunk_0034.wav,lexmodi_original_2h20m_10m,test,476.000,491.000,15.000,कैसे निर्णय लिए अब मुझे मिलते हैं में भात-भात के मुझे उदाहरण देते थे फलाने देश ने यह कर दिया ढिकने देश ने तुम भी करो तुम भी करो,केना निर्णय लेल एखन हमरा मिलैत हैं में भात - भात के हमरा उदाहरण दैत थे फलाने देश N/A यह करि दिया ढिकने देश N/A तुम भी करू तुम भी करू,0.4667,"निर्णय किना लेल जाइत छलैक, ओहि विषय पर आब जखन हमरा सँ भेटैत छथि, तखन तरह-तरहक उदाहरण दैत छलाह जे फलाँ देश ई कए देलक, चिलाँ देश ओ कए देलक, अहाँ सेहो करू, अहाँ सेहो करू।","निर्णय किना लेल जाइत छलैक, ओहि विषय पर आब जखन हमरा सँ भेटैत छथि, तखन तरह - तरहक उदाहरण दैत छलाह जे फलाँ देश ई कए देलक, चिलाँ देश",28
lexmodi_original_2h20m_10m__chunk_0035,/home/vishal/assignment2-final/stage1_lid/audio/chunks/lexmodi_original_2h20m_10m__chunk_0035.wav,lexmodi_original_2h20m_10m,test,490.000,505.000,15.000,तुम भी करो तुम भी करो सब बड़े-बड़े economist मिलाकर के मेरा सर खपाते थे political पार्टियां मुझे pressure करती थी इतना पैसा दे दो इतना पैसा मैं कुछ करता नहीं था मैं सोचता था मैं क्या करूंगा और फिर,तुम भी करू तुम भी करू सब बड़े - बड़े economist मिलाकर के मोर सर खपाते थे political पार्टियां हमरा pressure करैत थी एतेक टाका दिअ दिय एतेक टाका मैं किछु करैत नहीं था मैं सोचता था मैं कि करूंगा और फेर,0.3659,"तूहो करू, तूहो करू, सभटा पैघ-पैघ अर्थशास्त्री सब मिलिकऽ हमरा माथ खताबैत छलथि। राजनीतिक दल सब हमरा पर दबाव दैत छलथि जे एतेक टका दियौ, एतेक टका। हम किछ करैत नहि छलहुँ। हम सोचैत छलहुँ जे हम की करब आ फेर...","तूहो करू, तूहो करू, सभटा पैघ-पैघ अर्थशास्त्री सब मिलिकऽ हमरा माथ खताबैत छलथि। राजनीतिक दल सब हमरा पर दबाव दैत छलथि जे एतेक टका दियौ, एतेक टका।",28
lexmodi_original_2h20m_10m__chunk_0037,/home/vishal/assignment2-final/stage1_lid/audio/chunks/lexmodi_original_2h20m_10m__chunk_0037.wav,lexmodi_original_2h20m_10m,test,518.000,533.000,15.000,रोज़मर्रा की आवश्यकता के लिए सामाजिक तनाव पैदा नहीं होने दूंगा ऐसे कुछ मेरे मन में भाव तय हुए सब दुनिया तो lockdown में पड़ी थी economy पूरी तरह दुनिया की बैठ चुकी थी,रोज़मर्रा की आवश्यकता के लेल सामाजिक तनाव उत्पन्न नहीं होबय दूंगा एहन किछु हमर मन में भाव तय भए सब दुनिया तो lockdown में खसल थी economy पूरा तरह दुनिया की बैठ चुकल थी,0.4412,"रोज़मर्राक जरूरत लेल सामाजिक तनाव नयँ होमय देब, अहिना किछु हमर मनमे भाव तय भेल। सगरो दुनिया तँ लॉकडाउनमे पड़ल छल, दुनियाक अर्थव्यवस्था पूरा तरहेँ बैस गेल छल।","रोज़मर्राक जरूरत लेल सामाजिक तनाव नयँ होमय देब, अहिना किछु हमर मनमे भाव तय भेल। सगरो दुनिया तँ लॉकडाउनमे पड़ल छल, दुनियाक अर्थव्यवस्था पूरा तरहेँ बैस गेल छल।",28
lexmodi_original_2h20m_10m__chunk_0039,/home/vishal/assignment2-final/stage1_lid/audio/chunks/lexmodi_original_2h20m_10m__chunk_0039.wav,lexmodi_original_2h20m_10m,test,546.000,561.000,15.000,Expert opinion,Expert opinion,0.0000,विशेषज्ञक राय,विशेषज्ञक राय,6
lexmodi_original_2h20m_10m__chunk_0040,/home/vishal/assignment2-final/stage1_lid/audio/chunks/lexmodi_original_2h20m_10m__chunk_0040.wav,lexmodi_original_2h20m_10m,test,560.000,575.000,15.000,develop inflation immediate after covid,develop मुद्रास्फीति immediate बाद कोविड,0.6000,कोविडक तुरंत बाद महंगाई आयल।,कोविडक तुरंत बाद महंगाई आयल।,6
lexmodi_original_2h20m_10m__chunk_0041,/home/vishal/assignment2-final/stage1_lid/audio/chunks/lexmodi_original_2h20m_10m__chunk_0041.wav,lexmodi_original_2h20m_10m,test,574.000,589.000,15.000,"after covid मेरे देश ने नहीं झेली। मेरा देश आज लगातार दुनिया की बड़ी economy में तेज गति से प्रगति करने वाला है, उसका मूल","बाद कोविड हमर देश N/A नहीं झेली। मोर देश आइ लगातार दुनिया की बड़ी economy में तेज गति से प्रगति करबाक वाला है, ओकर मूल",0.5600,"कोविडक बाद हमर देश एहन स्थिति नहि देखलक। हमर देश आइ लगातार दुनियाक पैघ अर्थव्यवस्था सभमे तेज गति सँ प्रगति करय वला अछि, ओकर मूल","कोविडक बाद हमर देश एहन स्थिति नहि देखलक। हमर देश आइ लगातार दुनियाक पैघ अर्थव्यवस्था सभमे तेज गति सँ प्रगति करय वला अछि, ओकर मूल",25
lexmodi_original_2h20m_10m__chunk_0042,/home/vishal/assignment2-final/stage1_lid/audio/chunks/lexmodi_original_2h20m_10m__chunk_0042.wav,lexmodi_original_2h20m_10m,test,588.000,600.000,12.000,उसका मूल कारण उस संकट के समय बड़े धैर्य के साथ कोई दुनिया भर की theory को लागू करने के मोह में पड़े बिना अखबार वालों को,ओकर मूल कारण उस संकट के समय बड़े धैर्य के साथ कोनो दुनिया भर की theory को लागू करबाक के मोह में पड़े बिना अखबार वालों को,0.2593,ओकर मूल कारण ओहि संकटक समयमे बड़ धैर्यक संग कोनो दुनिया भरिक थ्योरी लागू करबाक मोहमे पड़ल बिना अखबारवला सभकेँ,ओकर मूल कारण ओहि संकटक समयमे बड़ धैर्यक संग कोनो दुनिया भरिक थ्योरी लागू करबाक मोहमे पड़ल बिना अखबारवला सभकेँ,23
